Roll Number, Payoff Condition, Trial Count, Total Reward, Repeat Choices
1, IOWA,0,32.76785422,0
1, IOWA,2,119.8819545,2
1, IOWA,4,214.6428627,4
1, IOWA,6,314.2986324,6
1, IOWA,8,403.4978093,7
1, IOWA,10,500.2752404,9
1, IOWA,12,590.434952,10
1, IOWA,14,684.2032828,11
1, IOWA,16,783.188166,13
1, IOWA,18,881.9241188,15
1, IOWA,20,985.2993552,17
1, IOWA,0,50.49324453,0
1, IOWA,2,144.7217793,2
1, IOWA,4,217.2703988,2
1, IOWA,6,291.7614851,2
1, IOWA,8,381.5937592,4
1, IOWA,10,479.6427558,6
1, IOWA,12,540.736478,6
1, IOWA,14,639.8918463,8
1, IOWA,16,735.2937221,10
1, IOWA,18,834.9666992,12
1, IOWA,20,929.135127,14
1, Low Var,0,43.1103007,0
1, Low Var,2,144.1020397,2
1, Low Var,4,221.2219636,3
1, Low Var,6,293.585673,5
1, Low Var,8,392.3475079,6
1, Low Var,10,497.9807679,8
1, Low Var,12,598.6742685,10
1, Low Var,14,670.7332606,10
1, Low Var,16,748.8083461,12
1, Low Var,18,852.2905581,13
1, Low Var,20,945.8467083,15
1, IOWA,0,54.88429319,0
1, IOWA,2,170.7947828,2
1, IOWA,4,243.4568071,4
1, IOWA,6,346.7010115,6
1, IOWA,8,421.6399303,8
1, IOWA,10,525.0747503,10
1, IOWA,12,602.2967016,12
1, IOWA,14,699.3228347,14
1, IOWA,16,822.591811,16
1, IOWA,18,917.6027642,18
1, IOWA,20,983.4342787,19
1, High Var,0,29.7436599,0
1, High Var,2,102.0406694,2
1, High Var,4,172.4053402,3
1, High Var,6,223.0100508,4
1, High Var,8,320.4403026,6
1, High Var,10,397.3509451,8
1, High Var,12,457.525965,9
1, High Var,14,522.885664,10
1, High Var,16,566.9314569,12
1, High Var,18,669.9044952,13
1, High Var,20,772.1981442,15
1, Equal Means,0,33.34254248,0
1, Equal Means,2,128.7309274,2
1, Equal Means,4,191.1147954,4
1, Equal Means,6,260.372999,6
1, Equal Means,8,323.2675999,7
1, Equal Means,10,384.1763438,9
1, Equal Means,12,444.1362356,10
1, Equal Means,14,520.980197,12
1, Equal Means,16,590.5331009,13
1, Equal Means,18,657.9561153,15
1, Equal Means,20,726.4694169,17
1, High Var,0,31.94650823,0
1, High Var,2,83.79649255,1
1, High Var,4,156.0422012,3
1, High Var,6,209.2020923,4
1, High Var,8,263.6837577,5
1, High Var,10,338.0511437,7
1, High Var,12,425.3518462,8
1, High Var,14,529.7976788,10
1, High Var,16,624.9781647,12
1, High Var,18,711.9692898,14
1, High Var,20,835.0582221,16
1, Equal Means,0,47.28381632,0
1, Equal Means,2,116.682838,2
1, Equal Means,4,171.0036938,4
1, Equal Means,6,255.9567091,5
1, Equal Means,8,327.7422374,7
1, Equal Means,10,404.067029,9
1, Equal Means,12,466.0153633,10
1, Equal Means,14,546.3014219,11
1, Equal Means,16,616.1174823,13
1, Equal Means,18,701.6069904,13
1, Equal Means,20,770.679195,13
1, High Var,0,34.84194562,0
1, High Var,2,85.59038858,2
1, High Var,4,169.3486775,3
1, High Var,6,232.9628686,5
1, High Var,8,323.9261179,7
1, High Var,10,372.2908495,8
1, High Var,12,419.0092459,9
1, High Var,14,463.8475292,11
1, High Var,16,553.093888,12
1, High Var,18,644.6263907,14
1, High Var,20,740.0988597,16
1, IOWA,0,59.72128181,0
1, IOWA,2,159.9609713,2
1, IOWA,4,242.0342274,4
1, IOWA,6,331.851746,6
1, IOWA,8,443.8656469,8
1, IOWA,10,573.5686717,10
1, IOWA,12,699.5121298,12
1, IOWA,14,793.0082302,14
1, IOWA,16,877.6153649,16
1, IOWA,18,970.7832742,18
1, IOWA,20,1058.660107,20
1, Low Var,0,39.42122385,0
1, Low Var,2,112.6495818,2
1, Low Var,4,185.9370076,4
1, Low Var,6,256.0584614,5
1, Low Var,8,335.4711489,7
1, Low Var,10,404.5820553,9
1, Low Var,12,474.0893764,10
1, Low Var,14,530.0167878,12
1, Low Var,16,621.8772492,13
1, Low Var,18,718.56587,15
1, Low Var,20,807.5184147,17
1, Low Var,0,38.86846776,0
1, Low Var,2,114.6472383,1
1, Low Var,4,196.2864458,3
1, Low Var,6,264.1023028,4
1, Low Var,8,317.8329029,6
2, IOWA,0,58.92654725,0
2, IOWA,2,164.2960462,0
2, IOWA,4,287.0429652,1
2, IOWA,6,419.6678258,2
2, IOWA,8,532.5609288,3
2, IOWA,10,595.4552094,4
2, IOWA,12,674.7283773,5
2, IOWA,14,791.8558384,6
2, IOWA,16,905.0441413,8
2, IOWA,18,1020.272376,10
2, IOWA,20,1139.993223,12
2, IOWA,0,60.97285685,0
2, IOWA,2,189.2218809,1
2, IOWA,4,321.336758,2
2, IOWA,6,424.8020256,4
2, IOWA,8,519.8736065,4
2, IOWA,10,634.9046595,5
2, IOWA,12,748.5781978,7
2, IOWA,14,865.9597089,9
2, IOWA,16,987.5281685,11
2, IOWA,18,1109.732838,13
2, IOWA,20,1231.356126,15
2, Equal Means,0,51.41886748,0
2, Equal Means,2,142.9122827,2
2, Equal Means,4,237.7952372,3
2, Equal Means,6,334.3956251,4
2, Equal Means,8,424.755586,6
2, Equal Means,10,513.9611193,7
2, Equal Means,12,623.2692204,8
2, Equal Means,14,698.4263729,8
2, Equal Means,16,794.7907901,10
2, Equal Means,18,884.5541922,12
2, Equal Means,20,984.9112366,12
2, High Var,0,43.3841283,0
2, High Var,2,95.43095487,1
2, High Var,4,187.6114603,2
2, High Var,6,280.8603689,4
2, High Var,8,402.5761396,5
2, High Var,10,521.4934012,7
2, High Var,12,622.2811214,9
2, High Var,14,732.942652,11
2, High Var,16,842.4205252,13
2, High Var,18,869.5254911,13
2, High Var,20,930.2220207,13
2, High Var,0,54.33356794,0
2, High Var,2,182.2884513,2
2, High Var,4,295.7206702,4
2, High Var,6,389.2298466,6
2, High Var,8,508.6078077,7
2, High Var,10,620.2869893,9
2, High Var,12,720.6039251,11
2, High Var,14,799.6185364,12
2, High Var,16,918.592438,12
2, High Var,18,1032.850113,14
2, High Var,20,1141.371572,14
2, Equal Means,0,30.23859931,0
2, Equal Means,2,117.1802559,1
2, Equal Means,4,224.4392636,1
2, Equal Means,6,340.2195402,1
2, Equal Means,8,447.809037,3
2, Equal Means,10,551.2974451,4
2, Equal Means,12,668.1185361,4
2, Equal Means,14,759.1793672,5
2, Equal Means,16,864.1386394,6
2, Equal Means,18,975.8471112,8
2, Equal Means,20,1083.7917,10
2, High Var,0,53.77894841,0
2, High Var,2,156.7223206,0
2, High Var,4,230.6325245,1
2, High Var,6,332.4277048,2
2, High Var,8,429.9746603,3
2, High Var,10,549.0583796,3
2, High Var,12,651.5569299,3
2, High Var,14,780.057084,3
2, High Var,16,889.7151898,4
2, High Var,18,984.0365567,6
2, High Var,20,1064.674158,7
2, Equal Means,0,48.36613954,0
2, Equal Means,2,137.8143083,2
2, Equal Means,4,249.5551628,2
2, Equal Means,6,351.9950252,4
2, Equal Means,8,443.0530488,5
2, Equal Means,10,554.5997744,7
2, Equal Means,12,629.2872061,9
2, Equal Means,14,744.6979549,10
2, Equal Means,16,843.839371,11
2, Equal Means,18,953.2217356,13
2, Equal Means,20,1058.820776,15
2, Low Var,0,47.04076581,0
2, Low Var,2,149.9081888,2
2, Low Var,4,242.9238627,4
2, Low Var,6,338.6713002,6
2, Low Var,8,428.1871422,6
2, Low Var,10,519.1580053,6
2, Low Var,12,640.3551052,7
2, Low Var,14,756.7685219,9
2, Low Var,16,885.5932672,11
2, Low Var,18,996.5373378,13
2, Low Var,20,1084.780992,13
2, IOWA,0,57.61003702,0
2, IOWA,2,166.1245426,2
2, IOWA,4,284.0312418,4
2, IOWA,6,397.4396422,6
2, IOWA,8,514.394838,8
2, IOWA,10,634.7726183,10
2, IOWA,12,739.0179701,11
2, IOWA,14,813.4205924,13
2, IOWA,16,917.4673633,14
2, IOWA,18,1036.15981,16
2, IOWA,20,1129.071612,16
2, IOWA,0,24.83926625,0
2, IOWA,2,107.9805987,2
2, IOWA,4,199.6209837,3
2, IOWA,6,320.4949118,5
2, IOWA,8,441.6421797,7
2, IOWA,10,566.6762876,9
2, IOWA,12,673.0266565,11
2, IOWA,14,758.6521071,13
2, IOWA,16,880.3464493,15
2, IOWA,18,980.4012886,17
2, IOWA,20,1085.703903,18
2, Low Var,0,31.46619633,0
2, Low Var,2,118.372338,1
2, Low Var,4,222.1814092,1
2, Low Var,6,337.8454526,2
2, Low Var,8,441.2098846,2
3, IOWA,0,45.04255434,0
3, IOWA,2,126.0317853,2
3, IOWA,4,199.4653048,4
3, IOWA,6,237.1904573,4
3, IOWA,8,326.8513702,5
3, IOWA,10,407.7260888,7
3, IOWA,12,494.2171785,9
3, IOWA,14,586.5792394,9
3, IOWA,16,662.6059318,10
3, IOWA,18,737.9449815,11
3, IOWA,20,815.0931962,12
3, IOWA,0,14.30362374,0
3, IOWA,2,100.8213212,1
3, IOWA,4,173.0200475,3
3, IOWA,6,248.0784819,5
3, IOWA,8,329.608692,7
3, IOWA,10,414.6842632,9
3, IOWA,12,493.1524306,11
3, IOWA,14,574.7011918,13
3, IOWA,16,631.1033985,13
3, IOWA,18,712.232953,15
3, IOWA,20,792.0401021,17
3, High Var,0,32.045697,0
3, High Var,2,119.8581978,1
3, High Var,4,179.4075105,1
3, High Var,6,231.0141918,3
3, High Var,8,274.6994178,3
3, High Var,10,346.6971394,4
3, High Var,12,442.0771918,6
3, High Var,14,528.4793259,8
3, High Var,16,607.6074047,10
3, High Var,18,669.796184,11
3, High Var,20,724.898838,11
3, Low Var,0,38.29072441,0
3, Low Var,2,122.5429235,2
3, Low Var,4,186.5477169,2
3, Low Var,6,272.173799,4
3, Low Var,8,350.0098714,6
3, Low Var,10,435.8021728,8
3, Low Var,12,515.1446932,10
3, Low Var,14,557.5612475,10
3, Low Var,16,626.9553024,10
3, Low Var,18,695.7904499,11
3, Low Var,20,779.7988056,12
3, IOWA,0,57.37813096,0
3, IOWA,2,123.4050278,2
3, IOWA,4,205.4739046,4
3, IOWA,6,257.2206602,4
3, IOWA,8,335.9196094,4
3, IOWA,10,384.1304342,6
3, IOWA,12,449.4724958,6
3, IOWA,14,528.6483707,8
3, IOWA,16,613.1963512,10
3, IOWA,18,687.8958433,12
3, IOWA,20,760.248212,13
3, High Var,0,49.04545464,0
3, High Var,2,101.6474454,2
3, High Var,4,188.8482526,2
3, High Var,6,267.2178011,2
3, High Var,8,375.079366,3
3, High Var,10,454.4465127,5
3, High Var,12,530.4904767,6
3, High Var,14,600.0960336,8
3, High Var,16,680.4656717,8
3, High Var,18,743.6048683,8
3, High Var,20,819.4161399,10
3, Equal Means,0,26.0092214,0
3, Equal Means,2,68.39136604,0
3, Equal Means,4,119.6095057,0
3, Equal Means,6,173.6088518,1
3, Equal Means,8,242.8542529,1
3, Equal Means,10,310.5959705,3
3, Equal Means,12,357.8785718,5
3, Equal Means,14,402.1751229,6
3, Equal Means,16,439.8084543,6
3, Equal Means,18,501.1235551,7
3, Equal Means,20,554.2200942,8
3, IOWA,0,42.25231114,0
3, IOWA,2,145.6444947,2
3, IOWA,4,240.3044537,4
3, IOWA,6,277.3379112,5
3, IOWA,8,325.272301,5
3, IOWA,10,380.5460097,5
3, IOWA,12,454.8921535,5
3, IOWA,14,539.0837531,7
3, IOWA,16,620.0752656,9
3, IOWA,18,697.9657292,11
3, IOWA,20,776.289907,13
3, Equal Means,0,28.92975096,0
3, Equal Means,2,93.70870237,2
3, Equal Means,4,149.5058559,2
3, Equal Means,6,213.4956073,3
3, Equal Means,8,255.4820188,4
3, Equal Means,10,306.8415682,5
3, Equal Means,12,359.3476981,7
3, Equal Means,14,439.7254394,8
3, Equal Means,16,498.2551193,10
3, Equal Means,18,533.6577991,11
3, Equal Means,20,594.0275338,12
3, Equal Means,0,22.51991019,0
3, Equal Means,2,86.36602644,0
3, Equal Means,4,164.5636196,0
3, Equal Means,6,241.2692628,0
3, Equal Means,8,294.5916034,2
3, Equal Means,10,343.1206946,2
3, Equal Means,12,393.5899859,2
3, Equal Means,14,463.3212306,2
3, Equal Means,16,547.2951672,2
3, Equal Means,18,607.1228211,3
3, Equal Means,20,670.64281,4
3, Low Var,0,20.84118597,0
3, Low Var,2,69.60229698,0
3, Low Var,4,145.250609,0
3, Low Var,6,207.9960938,0
3, Low Var,8,263.7781145,0
3, Low Var,10,337.3088995,0
3, Low Var,12,420.9847809,2
3, Low Var,14,500.2257771,4
3, Low Var,16,581.0286715,6
3, Low Var,18,660.6663282,8
3, Low Var,20,738.478953,10
3, Low Var,0,33.37474305,0
3, Low Var,2,89.64468946,1
3, Low Var,4,165.5920774,1
3, Low Var,6,228.4015537,1
3, Low Var,8,313.5827087,3
4, IOWA,0,54.14425004,0
4, IOWA,2,200.5011776,1
4, IOWA,4,353.8040188,3
4, IOWA,6,489.9993605,5
4, IOWA,8,622.0345518,7
4, IOWA,10,737.5004339,9
4, IOWA,12,880.6536057,11
4, IOWA,14,1016.614287,13
4, IOWA,16,1139.732622,15
4, IOWA,18,1262.162628,17
4, IOWA,20,1394.109003,19
4, IOWA,0,32.29682536,0
4, IOWA,2,128.6575952,0
4, IOWA,4,279.9081991,2
4, IOWA,6,411.9984867,4
4, IOWA,8,559.67691,6
4, IOWA,10,704.5601358,8
4, IOWA,12,847.3888334,10
4, IOWA,14,965.6778946,12
4, IOWA,16,1109.86903,14
4, IOWA,18,1209.9379,16
4, IOWA,20,1338.616697,17
4, Equal Means,0,56.91180956,0
4, Equal Means,2,171.4020201,2
4, Equal Means,4,282.5936206,3
4, Equal Means,6,424.8342523,5
4, Equal Means,8,519.5590155,6
4, Equal Means,10,632.0582589,8
4, Equal Means,12,742.3675757,10
4, Equal Means,14,860.9691153,11
4, Equal Means,16,984.8954373,13
4, Equal Means,18,1075.26753,15
4, Equal Means,20,1183.457932,15
4, Equal Means,0,69.28475703,0
4, Equal Means,2,168.2947246,1
4, Equal Means,4,287.0572304,3
4, Equal Means,6,391.4797832,5
4, Equal Means,8,518.4523301,6
4, Equal Means,10,641.1112426,8
4, Equal Means,12,738.9440179,9
4, Equal Means,14,854.4033147,11
4, Equal Means,16,977.5904717,13
4, Equal Means,18,1090.221745,14
4, Equal Means,20,1205.21451,15
4, Low Var,0,51.57339458,0
4, Low Var,2,185.9657116,1
4, Low Var,4,319.8309607,3
4, Low Var,6,452.196914,5
4, Low Var,8,585.7902456,7
4, Low Var,10,717.681983,9
4, Low Var,12,853.6247139,11
4, Low Var,14,984.2199588,13
4, Low Var,16,1120.895887,15
4, Low Var,18,1258.141176,17
4, Low Var,20,1388.524668,19
4, Low Var,0,56.85704187,0
4, Low Var,2,163.5863188,1
4, Low Var,4,292.8755659,2
4, Low Var,6,417.7798872,2
4, Low Var,8,551.3754976,4
4, Low Var,10,685.2492534,6
4, Low Var,12,822.2485774,8
4, Low Var,14,950.4699459,10
4, Low Var,16,1087.960389,12
4, Low Var,18,1217.300132,14
4, Low Var,20,1355.462191,16
4, IOWA,0,74.25808427,0
4, IOWA,2,212.596861,2
4, IOWA,4,317.7656124,2
4, IOWA,6,424.9473422,3
4, IOWA,8,555.9778547,5
4, IOWA,10,687.6818526,7
4, IOWA,12,810.9253315,9
4, IOWA,14,938.4990311,11
4, IOWA,16,1038.532798,12
4, IOWA,18,1164.366553,13
4, IOWA,20,1287.50979,15
4, Low Var,0,43.02507412,0
4, Low Var,2,165.7360208,1
4, Low Var,4,293.0959607,3
4, Low Var,6,426.6256943,5
4, Low Var,8,563.0884149,7
4, Low Var,10,688.3930034,9
4, Low Var,12,823.6767629,11
4, Low Var,14,952.0988165,13
4, Low Var,16,1064.732565,13
4, Low Var,18,1174.156057,13
4, Low Var,20,1309.893332,15
4, Equal Means,0,54.86971668,0
4, Equal Means,2,169.0418724,1
4, Equal Means,4,288.9623274,2
4, Equal Means,6,408.9149818,2
4, Equal Means,8,519.1311778,3
4, Equal Means,10,615.3005435,3
4, Equal Means,12,733.6478496,5
4, Equal Means,14,839.0243634,6
4, Equal Means,16,945.5872724,6
4, Equal Means,18,1079.227814,8
4, Equal Means,20,1189.408107,9
4, IOWA,0,74.22048049,0
4, IOWA,2,213.4488917,2
4, IOWA,4,355.2435107,4
4, IOWA,6,485.0503433,6
4, IOWA,8,659.5547453,8
4, IOWA,10,752.9466258,9
4, IOWA,12,865.753202,9
4, IOWA,14,994.6540899,11
4, IOWA,16,1122.378578,13
4, IOWA,18,1258.943925,15
4, IOWA,20,1390.913343,17
4, High Var,0,46.45020461,0
4, High Var,2,175.7071039,1
4, High Var,4,283.9764221,3
4, High Var,6,382.0680873,4
4, High Var,8,478.0585758,5
4, High Var,10,631.047621,6
4, High Var,12,742.8451293,8
4, High Var,14,902.2324887,10
4, High Var,16,1022.792787,12
4, High Var,18,1173.270144,14
4, High Var,20,1302.40149,16
4, High Var,0,27.96436036,0
4, High Var,2,121.6205859,1
4, High Var,4,245.1610746,2
4, High Var,6,347.5078506,4
4, High Var,8,484.3488806,6
200550, IOWA,0,47.60188276,0
200550, IOWA,2,181.1257111,0
200550, IOWA,4,316.2436594,2
200550, IOWA,6,446.5793656,4
200550, IOWA,8,580.2848598,6
200550, IOWA,10,707.2287884,7
200550, IOWA,12,845.5967624,9
200550, IOWA,14,965.9666087,10
200550, IOWA,16,1072.259337,10
200550, IOWA,18,1174.387591,12
200550, IOWA,20,1306.741833,13
200550, IOWA,0,45.36786884,0
200550, IOWA,2,145.286827,1
200550, IOWA,4,282.2178221,2
200550, IOWA,6,423.0000247,4
200550, IOWA,8,577.1742498,5
200550, IOWA,10,713.0089798,7
200550, IOWA,12,855.2026794,8
200550, IOWA,14,989.6134869,10
200550, IOWA,16,1124.470757,11
200550, IOWA,18,1273.235253,13
200550, IOWA,20,1411.657563,15
200550, Equal Means,0,55.58849063,0
200550, Equal Means,2,178.5549034,1
200550, Equal Means,4,297.9314106,3
200550, Equal Means,6,416.987516,5
200550, Equal Means,8,525.6929877,6
200550, Equal Means,10,631.0566288,7
200550, Equal Means,12,748.260901,8
200550, Equal Means,14,859.4216732,10
200550, Equal Means,16,976.6708622,11
200550, Equal Means,18,1091.976364,13
200550, Equal Means,20,1210.026191,15
200550, Low Var,0,64.49669809,0
200550, Low Var,2,195.9065292,2
200550, Low Var,4,334.194425,4
200550, Low Var,6,467.6281668,6
200550, Low Var,8,604.1059571,8
200550, Low Var,10,738.595854,10
200550, Low Var,12,832.6021712,11
200550, Low Var,14,942.438205,12
200550, Low Var,16,1066.212533,13
200550, Low Var,18,1179.349342,13
200550, Low Var,20,1310.88608,14
200550, Low Var,0,59.91041816,0
200550, Low Var,2,170.8083771,1
200550, Low Var,4,273.1122434,3
200550, Low Var,6,378.8357081,4
200550, Low Var,8,503.8180833,5
200550, Low Var,10,618.0742654,6
200550, Low Var,12,734.1604548,7
200550, Low Var,14,868.8517677,9
200550, Low Var,16,1002.258845,11
200550, Low Var,18,1134.023106,13
200550, Low Var,20,1275.774311,15
200550, Equal Means,0,70.01369402,0
200550, Equal Means,2,195.4374148,2
200550, Equal Means,4,297.1011381,3
200550, Equal Means,6,417.9448412,4
200550, Equal Means,8,528.4996705,5
200550, Equal Means,10,647.0975982,6
200550, Equal Means,12,750.6327205,8
200550, Equal Means,14,866.4832842,9
200550, Equal Means,16,980.3494424,10
200550, Equal Means,18,1102.412756,10
200550, Equal Means,20,1209.824244,10
200550, IOWA,0,63.54664684,0
200550, IOWA,2,169.1574245,0
200550, IOWA,4,290.4532706,0
200550, IOWA,6,424.3023057,2
200550, IOWA,8,551.7706869,4
200550, IOWA,10,686.1627457,6
200550, IOWA,12,822.1430642,8
200550, IOWA,14,962.1599707,10
200550, IOWA,16,1097.188915,12
200550, IOWA,18,1232.666643,14
200550, IOWA,20,1363.39513,16
200550, Equal Means,0,43.43601362,0
200550, Equal Means,2,154.4163252,0
200550, Equal Means,4,270.4164433,1
200550, Equal Means,6,385.5831424,3
200550, Equal Means,8,502.5216925,5
200550, Equal Means,10,622.0048814,7
200550, Equal Means,12,740.2589943,9
200550, Equal Means,14,827.7147862,10
200550, Equal Means,16,939.8861711,11
200550, Equal Means,18,1047.772951,12
200550, Equal Means,20,1162.643172,13
200550, High Var,0,72.72515971,0
200550, High Var,2,189.0712352,2
200550, High Var,4,273.2378339,3
200550, High Var,6,396.7194002,4
200550, High Var,8,502.27851,6
200550, High Var,10,638.150554,8
200550, High Var,12,779.7390059,10
200550, High Var,14,890.9796166,12
200550, High Var,16,1010.952372,14
200550, High Var,18,1116.258986,16
200550, High Var,20,1232.207987,17
200550, Low Var,0,49.33230359,0
200550, Low Var,2,156.8547421,1
200550, Low Var,4,273.2403888,3
200550, Low Var,6,389.751255,5
200550, Low Var,8,527.4131152,6
200550, Low Var,10,662.5452479,8
200550, Low Var,12,803.345956,10
200550, Low Var,14,938.8846766,12
200550, Low Var,16,1076.887977,14
200550, Low Var,18,1215.011017,16
200550, Low Var,20,1355.693391,18
200550, High Var,0,57.34322094,0
200550, High Var,2,191.5790901,1
200550, High Var,4,317.4800473,3
200550, High Var,6,433.5782007,4
200550, High Var,8,544.7690135,6
200550, High Var,10,648.2012019,8
200550, High Var,12,742.9299965,10
200550, High Var,14,852.2776168,11
200550, High Var,16,970.4777144,12
200550, High Var,18,1085.597038,14
200550, High Var,20,1200.088017,16
200550, High Var,0,39.67934751,0
200550, High Var,2,151.9734868,1
200550, High Var,4,295.7562442,3
200550, High Var,6,390.6143082,5
200550, High Var,8,498.5269787,6
006, IOWA, 0, 37.13650729038524, 0
006, IOWA, 2, 112.3984454713547, 2
006, IOWA, 4, 177.11756142764713, 4
006, IOWA, 6, 272.02166633666013, 5
006, IOWA, 8, 357.60027927644643, 7
006, IOWA, 10, 405.8664879337063, 8
006, IOWA, 12, 512.4415353686204, 9
006, IOWA, 14, 618.0035652427372, 11
006, IOWA, 16, 718.408920139493, 13
006, IOWA, 18, 822.8443832269832, 15
006, IOWA, 20, 932.4801639590414, 17
006, IOWA, 0, 29.79998131199295, 0
006, IOWA, 2, 115.92918114627508, 1
006, IOWA, 4, 209.22415279670753, 3
006, IOWA, 6, 304.9929037794528, 5
006, IOWA, 8, 380.5494297201309, 6
006, IOWA, 10, 489.44211756509577, 7
006, IOWA, 12, 579.4378010322972, 8
006, IOWA, 14, 651.1738051666493, 9
006, IOWA, 16, 758.2273536726792, 11
006, IOWA, 18, 867.5902170826555, 13
006, IOWA, 20, 979.0674011890791, 15
006, Low Var, 0, 47.81155648500262, 0
006, Low Var, 2, 124.54946721855555, 1
006, Low Var, 4, 234.31057287990816, 2
006, Low Var, 6, 338.63902243338134, 4
006, Low Var, 8, 418.2182601878689, 4
006, Low Var, 10, 511.08223305106526, 6
006, Low Var, 12, 598.6989198331548, 8
006, Low Var, 14, 688.8919048390343, 10
006, Low Var, 16, 770.775303752077, 12
006, Low Var, 18, 857.5346487107511, 13
006, Low Var, 20, 950.2623753409127, 15
006, Equal Means, 0, 42.91989693790912, 0
006, Equal Means, 2, 127.37160399198086, 1
006, Equal Means, 4, 215.44412066062722, 3
006, Equal Means, 6, 302.5657328251235, 5
006, Equal Means, 8, 389.9614263446154, 7
006, Equal Means, 10, 425.26476121717525, 8
006, Equal Means, 12, 509.1858216695361, 9
006, Equal Means, 14, 590.7196491662689, 10
006, Equal Means, 16, 679.1271555457655, 11
006, Equal Means, 18, 765.5334622568823, 11
006, Equal Means, 20, 851.8144277334097, 13
006, High Var, 0, 49.55948817279475, 0
006, High Var, 2, 143.53890147634866, 1
006, High Var, 4, 271.9548437251399, 3
006, High Var, 6, 386.7453075689475, 5
006, High Var, 8, 516.392029153465, 7
006, High Var, 10, 563.5291529410155, 8
006, High Var, 12, 563.5291529410155, 10
006, High Var, 14, 681.9033752118726, 11
006, High Var, 16, 785.9437515663, 13
006, High Var, 18, 906.4228174701705, 15
006, High Var, 20, 985.0337044892598, 16
006, Equal Means, 0, 70.25154459076931, 0
006, Equal Means, 2, 158.5060687039555, 1
006, Equal Means, 4, 248.98350024646618, 1
006, Equal Means, 6, 335.28867798254515, 1
006, Equal Means, 8, 461.7229055614569, 2
006, Equal Means, 10, 536.9576938083521, 4
006, Equal Means, 12, 628.3365320180944, 5
006, Equal Means, 14, 723.2264042726689, 6
006, Equal Means, 16, 819.2909930673303, 7
006, Equal Means, 18, 904.158136359325, 7
006, Equal Means, 20, 1009.8943652669697, 8
006, Equal Means, 0, 51.33069858119058, 0
006, Equal Means, 2, 140.45457344710704, 1
006, Equal Means, 4, 211.43013395660623, 2
006, Equal Means, 6, 282.7895818200974, 3
006, Equal Means, 8, 354.9346800647693, 4
006, Equal Means, 10, 417.26981388020437, 5
006, Equal Means, 12, 507.5451516173529, 7
006, Equal Means, 14, 585.3965738710401, 8
006, Equal Means, 16, 676.894041675782, 10
006, Equal Means, 18, 771.8818817319651, 11
006, Equal Means, 20, 853.6461923640958, 12
006, IOWA, 0, 31.024558900317395, 0
006, IOWA, 2, 97.32817245756058, 1
006, IOWA, 4, 204.9317236276044, 2
006, IOWA, 6, 298.8065851642009, 2
006, IOWA, 8, 405.6667295793984, 4
006, IOWA, 10, 510.5384424781495, 6
006, IOWA, 12, 622.5892538217047, 8
006, IOWA, 14, 743.7649979481431, 9
006, IOWA, 16, 852.5052879357565, 11
006, IOWA, 18, 977.3564148791428, 13
006, IOWA, 20, 1076.824083534226, 14
006, Low Var, 0, 47.08191908180412, 0
006, Low Var, 2, 136.81471845623417, 1
006, Low Var, 4, 249.59599411861524, 3
006, Low Var, 6, 365.3695396364684, 5
006, Low Var, 8, 466.6844229615589, 7
006, Low Var, 10, 579.5035462451921, 9
006, Low Var, 12, 685.433254200318, 11
006, Low Var, 14, 798.5280698283339, 13
006, Low Var, 16, 904.390548327444, 15
006, Low Var, 18, 1011.5396663654758, 17
006, Low Var, 20, 1067.834366233875, 18
006, Low Var, 0, 43.95880389311163, 0
006, Low Var, 2, 135.8531104539131, 2
006, Low Var, 4, 228.58946999915315, 4
006, Low Var, 6, 319.52154394286856, 5
006, Low Var, 8, 430.47263053176533, 6
006, Low Var, 10, 539.0190924439814, 8
006, Low Var, 12, 644.625212610926, 10
006, Low Var, 14, 749.805701884407, 12
006, Low Var, 16, 857.1506615042931, 14
006, Low Var, 18, 966.042444504604, 16
006, Low Var, 20, 1072.054253722797, 18
006, High Var, 0, 51.881779433839164, 0
006, High Var, 2, 147.01528022078182, 2
006, High Var, 4, 235.32168438391304, 3
006, High Var, 6, 309.30519633434227, 5
006, High Var, 8, 418.4519589825927, 5
006, High Var, 10, 495.6587708873797, 7
006, High Var, 12, 597.2147102315363, 8
006, High Var, 14, 688.5909278525738, 10
006, High Var, 16, 780.8037771522626, 12
006, High Var, 18, 873.171583089229, 13
006, High Var, 20, 897.4227305646341, 15
006, High Var, 0, 43.59226168947521, 0
006, High Var, 2, 123.72346868707606, 1
006, High Var, 4, 218.25653282295926, 2
006, High Var, 6, 285.387950961483, 4
006, High Var, 8, 367.35658328900035, 5
007, IOWA, 0, 41.25723141236283, 0
007, IOWA, 2, 140.15504225375588, 0
007, IOWA, 4, 198.62001121476206, 0
007, IOWA, 6, 284.06495276327524, 0
007, IOWA, 8, 389.8876921515384, 2
007, IOWA, 10, 482.87652811511, 3
007, IOWA, 12, 585.6011965517215, 3
007, IOWA, 14, 659.4638059076003, 3
007, IOWA, 16, 748.4660678659574, 5
007, IOWA, 18, 805.8842320878584, 6
007, IOWA, 20, 870.4724606079495, 7
007, IOWA, 0, 49.455037320897034, 0
007, IOWA, 2, 142.00930975585828, 2
007, IOWA, 4, 235.33796510646027, 3
007, IOWA, 6, 298.6776097662859, 3
007, IOWA, 8, 405.98595364982987, 5
007, IOWA, 10, 508.36596128437014, 7
007, IOWA, 12, 595.9286539650232, 8
007, IOWA, 14, 689.2686284787258, 8
007, IOWA, 16, 768.0378475454916, 8
007, IOWA, 18, 841.3089289970882, 8
007, IOWA, 20, 933.362625237379, 9
007, IOWA, 0, 20.37817437452242, 0
007, IOWA, 2, 70.77258604802421, 1
007, IOWA, 4, 153.74204539633527, 2
007, IOWA, 6, 257.58231170906197, 2
007, IOWA, 8, 342.11471574223054, 2
007, IOWA, 10, 381.97115338706766, 2
007, IOWA, 12, 436.8510502825576, 3
007, IOWA, 14, 531.7717772277654, 4
007, IOWA, 16, 616.8001243380253, 5
007, IOWA, 18, 687.8543525978915, 5
007, IOWA, 20, 775.0647232969552, 6
007, IOWA, 0, 30.169513754050286, 0
007, IOWA, 2, 84.8599507835954, 1
007, IOWA, 4, 137.441686311679, 2
007, IOWA, 6, 195.24946625331162, 4
007, IOWA, 8, 278.7294847454412, 5
007, IOWA, 10, 370.6708100171928, 7
007, IOWA, 12, 466.35061339643676, 8
007, IOWA, 14, 542.0626638746776, 9
007, IOWA, 16, 575.4093628304871, 9
007, IOWA, 18, 651.8784742083648, 9
007, IOWA, 20, 699.6540757316757, 10
007, Equal Means, 0, 23.934342684349918, 0
007, Equal Means, 2, 85.42288088149506, 2
007, Equal Means, 4, 159.58021183175467, 4
007, Equal Means, 6, 234.1638997030375, 5
007, Equal Means, 8, 312.63200715678124, 6
007, Equal Means, 10, 396.6720393304346, 8
007, Equal Means, 12, 481.54716965693615, 10
007, Equal Means, 14, 563.242800132696, 11
007, Equal Means, 16, 631.4362149385804, 11
007, Equal Means, 18, 705.0256543987517, 13
007, Equal Means, 20, 784.6246341008748, 14
007, High Var, 0, 25.498049304959174, 0
007, High Var, 2, 111.82152861405307, 1
007, High Var, 4, 199.78201209709707, 1
007, High Var, 6, 270.73690028584946, 1
007, High Var, 8, 342.84914083752983, 1
007, High Var, 10, 422.7954012654143, 2
007, High Var, 12, 506.20300367358357, 3
007, High Var, 14, 585.7475934196809, 4
007, High Var, 16, 647.0891469668447, 5
007, High Var, 18, 728.1841891535025, 7
007, High Var, 20, 782.692890073349, 9
007, High Var, 0, 33.97055237306925, 0
007, High Var, 2, 84.05029944929541, 2
007, High Var, 4, 174.31199650294076, 3
007, High Var, 6, 240.99682919855064, 3
007, High Var, 8, 325.05155557252766, 5
007, High Var, 10, 393.7863943794459, 6
007, High Var, 12, 476.5722306293624, 8
007, High Var, 14, 577.7117169201874, 10
007, High Var, 16, 678.3465086929734, 12
007, High Var, 18, 743.2018917937745, 14
007, High Var, 20, 820.7432313457475, 14
007, Low Var, 0, 35.36929960814415, 0
007, Low Var, 2, 115.20394888544352, 2
007, Low Var, 4, 183.6304115080133, 4
007, Low Var, 6, 259.06350945436895, 6
007, Low Var, 8, 325.88785036948104, 8
007, Low Var, 10, 397.47116131328744, 10
007, Low Var, 12, 463.61556694567696, 11
007, Low Var, 14, 560.398143529121, 12
007, Low Var, 16, 637.3240913252049, 13
007, Low Var, 18, 735.7085072949131, 14
007, Low Var, 20, 832.097062230772, 16
007, Equal Means, 0, 43.111301742842585, 0
007, Equal Means, 2, 123.63246357510297, 0
007, Equal Means, 4, 215.73283482677596, 2
007, Equal Means, 6, 297.54953154807635, 2
007, Equal Means, 8, 385.42720864884984, 3
007, Equal Means, 10, 464.74004311462704, 4
007, Equal Means, 12, 518.5502578570421, 5
007, Equal Means, 14, 601.3737557526127, 6
007, Equal Means, 16, 669.6626645391887, 6
007, Equal Means, 18, 740.8486366999934, 7
007, Equal Means, 20, 815.7605064603106, 8
007, Low Var, 0, 36.6680460808941, 0
007, Low Var, 2, 69.87466815097929, 1
007, Low Var, 4, 128.77698516777076, 1
007, Low Var, 6, 214.76582293927285, 2
007, Low Var, 8, 311.82596968329227, 4
007, Low Var, 10, 389.8577872237709, 4
007, Low Var, 12, 483.9544393221382, 6
007, Low Var, 14, 554.4381235780135, 6
007, Low Var, 16, 643.2738527667004, 7
007, Low Var, 18, 713.1585323409147, 7
007, Low Var, 20, 808.9408778942259, 8
007, Equal Means, 0, 35.923301409274245, 0
007, Equal Means, 2, 96.3956301844118, 1
007, Equal Means, 4, 159.44483457125997, 2
007, Equal Means, 6, 232.1598991119376, 2
007, Equal Means, 8, 279.41145189122693, 4
007, Equal Means, 10, 348.7272161839446, 5
007, Equal Means, 12, 419.7733705803937, 7
007, Equal Means, 14, 489.97971249063573, 9
007, Equal Means, 16, 557.3534793212267, 10
007, Equal Means, 18, 647.6640515298445, 11
007, Equal Means, 20, 738.0277412601777, 13
007, High Var, 0, 35.74314584493505, 0
007, High Var, 2, 121.82906665357405, 1
007, High Var, 4, 186.9744923541516, 2
007, High Var, 6, 256.37383151567946, 2
007, High Var, 8, 300.6836672775197, 2
008, IOWA, 0, 0, 0
008, IOWA, 2, 77.3571587871185, 1
008, IOWA, 4, 142.48467537451646, 3
008, IOWA, 6, 264.4826345635911, 4
008, IOWA, 8, 362.3555436086075, 5
008, IOWA, 10, 475.12641896365096, 6
008, IOWA, 12, 566.3009342414862, 7
008, IOWA, 14, 666.256774142476, 9
008, IOWA, 16, 763.5661122336849, 11
008, IOWA, 18, 859.6621241459654, 11
008, IOWA, 20, 977.5485657839492, 11
008, IOWA, 0, 58.09052705719515, 0
008, IOWA, 2, 170.36574468857916, 2
008, IOWA, 4, 259.31822027140623, 2
008, IOWA, 6, 367.50109005621573, 4
008, IOWA, 8, 469.259831234478, 4
008, IOWA, 10, 555.5111610491529, 5
008, IOWA, 12, 673.0696685762343, 7
008, IOWA, 14, 807.195905263731, 9
008, IOWA, 16, 904.409145954257, 11
008, IOWA, 18, 997.203196533132, 11
008, IOWA, 20, 1088.1248825365024, 13
008, High Var, 0, 50.35928307817208, 0
008, High Var, 2, 136.11110341158283, 0
008, High Var, 4, 218.25451503898893, 1
008, High Var, 6, 306.95278564923655, 2
008, High Var, 8, 402.74342236643656, 2
008, High Var, 10, 488.70677927244793, 3
008, High Var, 12, 599.7340388961218, 5
008, High Var, 14, 703.8265886639426, 7
008, High Var, 16, 791.0358075840393, 7
008, High Var, 18, 880.51406664564, 7
008, High Var, 20, 959.8729727678558, 9
008, Equal Means, 0, 24.201754720476195, 0
008, Equal Means, 2, 127.44719453196252, 1
008, Equal Means, 4, 216.8771495261965, 3
008, Equal Means, 6, 293.92858770727116, 5
008, Equal Means, 8, 373.53575151518993, 6
008, Equal Means, 10, 462.37584818417895, 6
008, Equal Means, 12, 535.1589074549044, 6
008, Equal Means, 14, 618.199134395385, 7
008, Equal Means, 16, 695.7443208489454, 8
008, Equal Means, 18, 775.1540671590284, 9
008, Equal Means, 20, 853.2581740860047, 11
008, Equal Means, 0, 46.67310866193849, 0
008, Equal Means, 2, 127.35539311092658, 0
008, Equal Means, 4, 207.42019241587445, 2
008, Equal Means, 6, 297.5696719734061, 3
008, Equal Means, 8, 391.3678481589719, 5
008, Equal Means, 10, 458.50572188706974, 7
008, Equal Means, 12, 550.8033419873047, 8
008, Equal Means, 14, 635.0159454895431, 10
008, Equal Means, 16, 719.7964497615391, 11
008, Equal Means, 18, 802.7545544284777, 13
008, Equal Means, 20, 877.2303034185559, 14
008, Low Var, 0, 47.09282411600308, 0
008, Low Var, 2, 130.36701482134077, 1
008, Low Var, 4, 222.20763435306387, 2
008, Low Var, 6, 325.2429970727332, 4
008, Low Var, 8, 423.70342198818656, 6
008, Low Var, 10, 527.9431674979061, 8
008, Low Var, 12, 634.5744885304077, 10
008, Low Var, 14, 740.456391081394, 12
008, Low Var, 16, 841.2676774729451, 14
008, Low Var, 18, 945.728215689183, 16
008, Low Var, 20, 1052.9512856052202, 18
008, Equal Means, 0, 38.14445561548776, 0
008, Equal Means, 2, 125.08427646105952, 1
008, Equal Means, 4, 210.37694530186195, 3
008, Equal Means, 6, 286.4112216355482, 5
008, Equal Means, 8, 377.19275367039097, 6
008, Equal Means, 10, 456.48044957841904, 8
008, Equal Means, 12, 545.434540155444, 9
008, Equal Means, 14, 629.1118291974799, 11
008, Equal Means, 16, 722.258954114847, 13
008, Equal Means, 18, 812.2937695128358, 15
008, Equal Means, 20, 893.5620757273018, 17
008, High Var, 0, 70.4028000959376, 0
008, High Var, 2, 180.26803658226368, 0
008, High Var, 4, 308.5125644160083, 1
008, High Var, 6, 428.18858602719297, 2
008, High Var, 8, 508.5912290743831, 4
008, High Var, 10, 598.5493239702707, 5
008, High Var, 12, 690.9300678975732, 6
008, High Var, 14, 800.0138051667121, 6
008, High Var, 16, 901.6890032801963, 6
008, High Var, 18, 990.9366139458995, 7
008, High Var, 20, 1070.379021421525, 8
008, Low Var, 0, 39.76147289293976, 0
008, Low Var, 2, 116.16325974827745, 1
008, Low Var, 4, 195.33516035854655, 3
008, Low Var, 6, 263.62548346365946, 4
008, Low Var, 8, 332.98693463926423, 6
008, Low Var, 10, 433.52562982676716, 7
008, Low Var, 12, 537.327420945084, 9
008, Low Var, 14, 642.9290691512216, 11
008, Low Var, 16, 758.1016982646383, 13
008, Low Var, 18, 864.2861107574059, 15
008, Low Var, 20, 971.6230757593597, 17
008, IOWA, 0, 32.398814090621855, 0
008, IOWA, 2, 97.62971890458577, 2
008, IOWA, 4, 205.34314458674868, 3
008, IOWA, 6, 300.7966788537552, 5
008, IOWA, 8, 408.8644979610576, 7
008, IOWA, 10, 514.1184358043851, 9
008, IOWA, 12, 611.1983386064145, 11
008, IOWA, 14, 708.4592587736555, 13
008, IOWA, 16, 810.6057453974171, 15
008, IOWA, 18, 914.1323893876886, 17
008, IOWA, 20, 1017.8625648039178, 19
008, IOWA, 0, 9.849297433192312, 0
008, IOWA, 2, 93.31530951568595, 1
008, IOWA, 4, 208.25050292010468, 3
008, IOWA, 6, 336.2999565579099, 5
008, IOWA, 8, 460.5801525008553, 7
008, IOWA, 10, 568.1641473127651, 9
008, IOWA, 12, 654.0966387960905, 10
008, IOWA, 14, 732.8234412484218, 11
008, IOWA, 16, 834.8628092795223, 13
008, IOWA, 18, 937.8386637299736, 15
008, IOWA, 20, 1040.1337321631179, 17
008, High Var, 0, 68.99749648478237, 0
008, High Var, 2, 169.5863111848529, 2
008, High Var, 4, 274.47355569553997, 4
008, High Var, 6, 380.8432047588428, 6
008, High Var, 8, 492.9667790666367, 8
009, IOWA, 0, 44.46769807985931, 0
009, IOWA, 2, 171.41319736459104, 1
009, IOWA, 4, 312.7320935702299, 1
009, IOWA, 6, 427.2964604511602, 2
009, IOWA, 8, 538.2116399512759, 2
009, IOWA, 10, 674.3265120006938, 4
009, IOWA, 12, 807.749336834719, 4
009, IOWA, 14, 916.3799086861255, 5
009, IOWA, 16, 1023.3724776726086, 6
009, IOWA, 18, 1151.8551372891854, 7
009, IOWA, 20, 1274.8945328215632, 8
009, IOWA, 0, 67.4027422075524, 0
009, IOWA, 2, 191.53772946825404, 2
009, IOWA, 4, 305.2837177958039, 2
009, IOWA, 6, 431.81023892680975, 4
009, IOWA, 8, 556.5753045491194, 6
009, IOWA, 10, 681.2774635625187, 8
009, IOWA, 12, 812.8040937771149, 10
009, IOWA, 14, 952.855920385926, 12
009, IOWA, 16, 1087.4042408736736, 14
009, IOWA, 18, 1211.2045312180878, 16
009, IOWA, 20, 1342.1697090665607, 18
009, Low Var, 0, 61.99813713368696, 0
009, Low Var, 2, 182.82284388719077, 2
009, Low Var, 4, 305.4362248802923, 4
009, Low Var, 6, 421.55573608207686, 5
009, Low Var, 8, 537.8288426745751, 6
009, Low Var, 10, 637.7469050936552, 6
009, Low Var, 12, 757.602656950661, 6
009, Low Var, 14, 887.1212884337575, 7
009, Low Var, 16, 1015.3369555047279, 9
009, Low Var, 18, 1140.9340642227378, 11
009, Low Var, 20, 1268.0629977598746, 13
009, Equal Means, 0, 54.86557369527503, 0
009, Equal Means, 2, 148.14180725041604, 2
009, Equal Means, 4, 255.67152167127267, 2
009, Equal Means, 6, 372.6160879422068, 3
009, Equal Means, 8, 475.05225747675945, 4
009, Equal Means, 10, 577.1566469190855, 5
009, Equal Means, 12, 688.8867637455745, 6
009, Equal Means, 14, 791.5161207267539, 7
009, Equal Means, 16, 901.9376279855607, 8
009, Equal Means, 18, 1013.2026486160976, 9
009, Equal Means, 20, 1119.456454820587, 9
009, IOWA, 0, 56.23912315727391, 0
009, IOWA, 2, 144.54832183203337, 0
009, IOWA, 4, 254.64468533234196, 0
009, IOWA, 6, 379.63809803701815, 2
009, IOWA, 8, 480.2785925293281, 2
009, IOWA, 10, 607.3024396346343, 4
009, IOWA, 12, 733.7158137634859, 6
009, IOWA, 14, 857.6546275503158, 8
009, IOWA, 16, 997.329669992631, 9
009, IOWA, 18, 1140.430266987922, 10
009, IOWA, 20, 1270.596202345225, 11
009, Low Var, 0, 49.92451919925747, 0
009, Low Var, 2, 132.51138100364074, 1
009, Low Var, 4, 213.47293244944683, 2
009, Low Var, 6, 330.20959046065275, 2
009, Low Var, 8, 456.7202570477789, 4
009, Low Var, 10, 581.0057315887593, 6
009, Low Var, 12, 714.5595691928701, 8
009, Low Var, 14, 839.721725275296, 10
009, Low Var, 16, 969.2161040401172, 12
009, Low Var, 18, 1093.3951179232993, 14
009, Low Var, 20, 1218.1103789516872, 16
009, Low Var, 0, 55.836826619549285, 0
009, Low Var, 2, 150.44787826819893, 1
009, Low Var, 4, 255.43018389407587, 2
009, Low Var, 6, 374.4568588331998, 2
009, Low Var, 8, 489.29731402393975, 2
009, Low Var, 10, 599.5203841318486, 2
009, Low Var, 12, 698.2974926020122, 2
009, Low Var, 14, 817.542411909146, 2
009, Low Var, 16, 923.9547506673107, 2
009, Low Var, 18, 1019.2029357521886, 2
009, Low Var, 20, 1136.5861928272275, 2
009, High Var, 0, 50.74789455750077, 0
009, High Var, 2, 157.57342719723448, 0
009, High Var, 4, 260.4889265866992, 0
009, High Var, 6, 388.8416034623898, 1
009, High Var, 8, 503.7440708227025, 2
009, High Var, 10, 605.0933902652318, 3
009, High Var, 12, 711.5361084072781, 3
009, High Var, 14, 806.1721446705476, 3
009, High Var, 16, 915.7638563493452, 5
009, High Var, 18, 1037.6897005001751, 6
009, High Var, 20, 1139.8119263458393, 7
009, Equal Means, 0, 61.500076297454115, 0
009, Equal Means, 2, 155.26211614338004, 2
009, Equal Means, 4, 252.61609227093436, 2
009, Equal Means, 6, 362.3999130638924, 4
009, Equal Means, 8, 466.1653761190568, 6
009, Equal Means, 10, 568.0854001786719, 8
009, Equal Means, 12, 678.1499504296386, 9
009, Equal Means, 14, 789.1976144092258, 11
009, Equal Means, 16, 897.6885613912877, 13
009, Equal Means, 18, 1003.6203584356836, 14
009, Equal Means, 20, 1100.3010458542958, 16
009, High Var, 0, 54.284396188118045, 0
009, High Var, 2, 165.94573475367082, 2
009, High Var, 4, 260.3826966220681, 2
009, High Var, 6, 352.069135520455, 3
009, High Var, 8, 442.7774982988343, 4
009, High Var, 10, 554.0962530405677, 4
009, High Var, 12, 650.1322644122515, 4
009, High Var, 14, 736.6038965161551, 4
009, High Var, 16, 860.2085471034366, 6
009, High Var, 18, 992.3198556161382, 8
009, High Var, 20, 1112.8130782566088, 10
009, High Var, 0, 62.50418820299601, 0
009, High Var, 2, 215.4896996296246, 2
009, High Var, 4, 348.2646041850922, 4
009, High Var, 6, 479.1124905306679, 6
009, High Var, 8, 568.8984534009915, 7
009, High Var, 10, 744.6501798213505, 8
009, High Var, 12, 860.8353176427851, 10
009, High Var, 14, 974.5038931306027, 11
009, High Var, 16, 1070.9297377697428, 12
009, High Var, 18, 1152.7134691627305, 12
009, High Var, 20, 1271.2168006349002, 12
009, Equal Means, 0, 61.00440153031707, 0
009, Equal Means, 2, 174.2970895875643, 2
009, Equal Means, 4, 266.9332620900403, 4
009, Equal Means, 6, 374.587924719122, 4
009, Equal Means, 8, 467.5709977924872, 4
010, IOWA, 0, 0, 0
010, IOWA, 2, 52.58697460959799, 1
010, IOWA, 4, 145.9837974798488, 3
010, IOWA, 6, 227.21730467363173, 5
010, IOWA, 8, 280.832163843962, 6
010, IOWA, 10, 355.1631911245853, 6
010, IOWA, 12, 445.8300187665783, 8
010, IOWA, 14, 533.0669638788494, 9
010, IOWA, 16, 621.2662729194819, 10
010, IOWA, 18, 674.4178060797964, 10
010, IOWA, 20, 727.7749725638413, 10
010, IOWA, 0, 21.664249729245427, 0
010, IOWA, 2, 103.09282364124368, 1
010, IOWA, 4, 206.2784545122049, 3
010, IOWA, 6, 271.60391661581946, 4
010, IOWA, 8, 337.9485926061305, 5
010, IOWA, 10, 406.2298939456688, 5
010, IOWA, 12, 500.51936397146187, 7
010, IOWA, 14, 593.67689639749, 9
010, IOWA, 16, 687.4870426360342, 11
010, IOWA, 18, 760.9145793507915, 12
010, IOWA, 20, 833.5608703152867, 13
010, IOWA, 0, 46.65069223713577, 0
010, IOWA, 2, 131.26911930559834, 2
010, IOWA, 4, 188.6641825856959, 2
010, IOWA, 6, 267.54847868839965, 3
010, IOWA, 8, 353.86117017883487, 5
010, IOWA, 10, 447.8633009514529, 7
010, IOWA, 12, 535.7751238592554, 9
010, IOWA, 14, 624.2271596191956, 11
010, IOWA, 16, 712.0706411777822, 13
010, IOWA, 18, 805.0506751775831, 15
010, IOWA, 20, 885.7065283919982, 17
010, Equal Means, 0, 30.078264939841535, 0
010, Equal Means, 2, 88.28868857102778, 0
010, Equal Means, 4, 175.66964561299258, 1
010, Equal Means, 6, 243.64262459245208, 3
010, Equal Means, 8, 298.26530160666516, 4
010, Equal Means, 10, 372.4115582355506, 6
010, Equal Means, 12, 435.0811922953122, 8
010, Equal Means, 14, 496.82673237832387, 8
010, Equal Means, 16, 585.7986745986061, 9
010, Equal Means, 18, 658.7728640068555, 10
010, Equal Means, 20, 713.6363456324134, 10
010, High Var, 0, 15.009150825935485, 0
010, High Var, 2, 59.159992502386714, 2
010, High Var, 4, 126.48586575005412, 2
010, High Var, 6, 199.25016379545337, 4
010, High Var, 8, 279.52188064251646, 6
010, High Var, 10, 359.33908483690755, 8
010, High Var, 12, 449.8339200952613, 10
010, High Var, 14, 517.3511969259309, 12
010, High Var, 16, 601.5235010426576, 14
010, High Var, 18, 707.7705549727532, 15
010, High Var, 20, 787.5589300999862, 15
010, High Var, 0, 26.26433512928846, 0
010, High Var, 2, 91.12567795736591, 0
010, High Var, 4, 192.03551091436475, 2
010, High Var, 6, 280.7618143835129, 4
010, High Var, 8, 371.24026815201523, 6
010, High Var, 10, 462.4594108687004, 8
010, High Var, 12, 520.6852148596648, 8
010, High Var, 14, 570.467638176435, 9
010, High Var, 16, 629.7599714673937, 9
010, High Var, 18, 748.4545087398133, 10
010, High Var, 20, 811.0745342059741, 12
010, Low Var, 0, 48.633764132265775, 0
010, Low Var, 2, 131.35540582724965, 2
010, Low Var, 4, 218.13343095312302, 4
010, Low Var, 6, 309.8169739496697, 6
010, Low Var, 8, 406.87592475284345, 8
010, Low Var, 10, 495.04106922402894, 10
010, Low Var, 12, 585.87025914813, 12
010, Low Var, 14, 666.3188483844687, 14
010, Low Var, 16, 753.1434795536054, 16
010, Low Var, 18, 839.1009907906857, 18
010, Low Var, 20, 925.8550943570467, 20
010, Equal Means, 0, 30.86943357837579, 0
010, Equal Means, 2, 85.9265381360509, 0
010, Equal Means, 4, 155.89342337326275, 1
010, Equal Means, 6, 218.59754223509694, 2
010, Equal Means, 8, 290.58733164917055, 3
010, Equal Means, 10, 357.1055129833786, 4
010, Equal Means, 12, 436.02891949467744, 4
010, Equal Means, 14, 507.3198573647185, 5
010, Equal Means, 16, 569.7451634671177, 6
010, Equal Means, 18, 636.0987102286206, 6
010, Equal Means, 20, 703.886764293473, 7
010, Low Var, 0, 43.74719234756085, 0
010, Low Var, 2, 122.93553322175141, 2
010, Low Var, 4, 208.0883912872095, 4
010, Low Var, 6, 299.6787948362478, 6
010, Low Var, 8, 391.98249443947486, 8
010, Low Var, 10, 479.44169933920784, 10
010, Low Var, 12, 568.9433777425569, 12
010, Low Var, 14, 656.301475409726, 14
010, Low Var, 16, 721.5143264750662, 14
010, Low Var, 18, 796.4969019068897, 15
010, Low Var, 20, 861.9253984447428, 16
010, IOWA, 0, 24.499630793326766, 0
010, IOWA, 2, 65.75570075537858, 0
010, IOWA, 4, 152.9869980391976, 2
010, IOWA, 6, 248.5255899390927, 4
010, IOWA, 8, 331.3260872108016, 6
010, IOWA, 10, 417.7561794709385, 8
010, IOWA, 12, 502.7118076022737, 10
010, IOWA, 14, 579.6291342369768, 12
010, IOWA, 16, 676.4205258135559, 14
010, IOWA, 18, 747.6812034014309, 14
010, IOWA, 20, 833.0198970065771, 16
010, Equal Means, 0, 39.839015705932205, 0
010, Equal Means, 2, 111.76378581709778, 2
010, Equal Means, 4, 175.52844508954396, 3
010, Equal Means, 6, 241.5077170053026, 4
010, Equal Means, 8, 294.31466399123326, 4
010, Equal Means, 10, 371.4006522889928, 5
010, Equal Means, 12, 427.1510768028013, 6
010, Equal Means, 14, 493.74549296222085, 8
010, Equal Means, 16, 568.3041419915071, 8
010, Equal Means, 18, 637.3252260754501, 9
010, Equal Means, 20, 699.7170443306422, 10
010, Low Var, 0, 33.85323428398862, 0
010, Low Var, 2, 93.64713528845269, 0
010, Low Var, 4, 165.63499867445847, 1
010, Low Var, 6, 252.35743220112303, 2
010, Low Var, 8, 338.1797966720963, 4
011, IOWA, 0, 23.476165031507954, 0
011, IOWA, 2, 105.33330731874753, 0
011, IOWA, 4, 176.12462954433192, 0
011, IOWA, 6, 275.92081450894693, 2
011, IOWA, 8, 374.341374410025, 4
011, IOWA, 10, 471.9314288879377, 6
011, IOWA, 12, 572.1508162710943, 8
011, IOWA, 14, 659.5607533520789, 10
011, IOWA, 16, 754.7395911119318, 12
011, IOWA, 18, 843.9479541967379, 14
011, IOWA, 20, 930.349472611696, 16
011, IOWA, 0, 26.47382251440468, 0
011, IOWA, 2, 85.63568935864538, 2
011, IOWA, 4, 182.49954810769788, 3
011, IOWA, 6, 275.0659144443454, 5
011, IOWA, 8, 378.7357240475538, 7
011, IOWA, 10, 469.6517203991519, 9
011, IOWA, 12, 560.7528811123159, 11
011, IOWA, 14, 658.0116997226057, 13
011, IOWA, 16, 755.3314007964179, 15
011, IOWA, 18, 845.0316793404082, 16
011, IOWA, 20, 928.3065250123885, 16
011, Low Var, 0, 41.039594678029665, 0
011, Low Var, 2, 110.64863467370003, 1
011, Low Var, 4, 181.25749534720472, 3
011, Low Var, 6, 239.54561789176506, 3
011, Low Var, 8, 315.8749780360973, 5
011, Low Var, 10, 411.4261269774271, 6
011, Low Var, 12, 499.2565435818935, 8
011, Low Var, 14, 593.5250468498917, 10
011, Low Var, 16, 689.1471597913601, 12
011, Low Var, 18, 790.8943306983294, 14
011, Low Var, 20, 882.6186929778869, 16
011, Equal Means, 0, 40.15169619383613, 0
011, Equal Means, 2, 116.99403831847621, 2
011, Equal Means, 4, 187.75570144904538, 3
011, Equal Means, 6, 261.93065416620766, 4
011, Equal Means, 8, 332.31905797290295, 4
011, Equal Means, 10, 398.3117863266678, 5
011, Equal Means, 12, 461.644474569154, 7
011, Equal Means, 14, 535.7696823211763, 8
011, Equal Means, 16, 608.986671362411, 10
011, Equal Means, 18, 691.1503792618411, 11
011, Equal Means, 20, 771.1647347482445, 13
011, Low Var, 0, 52.016436455380536, 0
011, Low Var, 2, 146.49561230359723, 2
011, Low Var, 4, 246.5684514264115, 4
011, Low Var, 6, 335.1757818183089, 6
011, Low Var, 8, 431.6736881585117, 8
011, Low Var, 10, 525.2089299714764, 10
011, Low Var, 12, 625.3737447712616, 12
011, Low Var, 14, 719.3644169138847, 14
011, Low Var, 16, 805.8495825638358, 16
011, Low Var, 18, 896.7374572921098, 18
011, Low Var, 20, 991.3960312911377, 20
011, IOWA, 0, 27.68602911677866, 0
011, IOWA, 2, 84.58640866188244, 2
011, IOWA, 4, 146.4220596758349, 3
011, IOWA, 6, 248.70739400598018, 4
011, IOWA, 8, 333.22423268814543, 6
011, IOWA, 10, 429.2223956667091, 8
011, IOWA, 12, 519.6106408800588, 10
011, IOWA, 14, 604.6848307349513, 12
011, IOWA, 16, 702.8159064955375, 14
011, IOWA, 18, 799.2831563487508, 16
011, IOWA, 20, 893.7221675942624, 18
011, IOWA, 0, 25.550243188395363, 0
011, IOWA, 2, 82.08073432085453, 2
011, IOWA, 4, 160.70767324876633, 3
011, IOWA, 6, 224.08076913384457, 4
011, IOWA, 8, 312.5481146559348, 5
011, IOWA, 10, 414.68216899941945, 7
011, IOWA, 12, 505.17898469047526, 9
011, IOWA, 14, 601.4789653350907, 11
011, IOWA, 16, 696.7057584270359, 13
011, IOWA, 18, 795.6409206260416, 15
011, IOWA, 20, 889.6515483266137, 17
011, High Var, 0, 22.744484598132452, 0
011, High Var, 2, 86.29775591026882, 2
011, High Var, 4, 145.8384275178334, 3
011, High Var, 6, 245.14643294196946, 4
011, High Var, 8, 317.627998664639, 5
011, High Var, 10, 420.0870511880795, 7
011, High Var, 12, 521.4385899634218, 9
011, High Var, 14, 558.5493839111987, 10
011, High Var, 16, 622.2139614236326, 11
011, High Var, 18, 723.8794061304767, 12
011, High Var, 20, 821.9231894737743, 14
011, High Var, 0, 51.5957354641927, 0
011, High Var, 2, 143.37415403682303, 2
011, High Var, 4, 229.81452765625292, 2
011, High Var, 6, 316.0548456508044, 4
011, High Var, 8, 411.539720578532, 4
011, High Var, 10, 474.9414245063056, 5
011, High Var, 12, 560.3612119277125, 6
011, High Var, 14, 649.1890162572221, 7
011, High Var, 16, 755.5886116207612, 9
011, High Var, 18, 849.7331378602121, 10
011, High Var, 20, 927.0409084772768, 10
011, Equal Means, 0, 37.25132228901936, 0
011, Equal Means, 2, 94.06694600431484, 0
011, Equal Means, 4, 164.20444247734065, 1
011, Equal Means, 6, 242.594124705774, 1
011, Equal Means, 8, 305.02645645194764, 3
011, Equal Means, 10, 382.4601965110883, 4
011, Equal Means, 12, 450.9313153448071, 6
011, Equal Means, 14, 516.7998245995011, 8
011, Equal Means, 16, 604.1769538328182, 8
011, Equal Means, 18, 680.2496190619439, 10
011, Equal Means, 20, 746.3720867350493, 12
011, Low Var, 0, 25.17845415952442, 0
011, Low Var, 2, 90.25758076190773, 0
011, Low Var, 4, 156.14919804218763, 1
011, Low Var, 6, 235.57497745003897, 3
011, Low Var, 8, 317.3163127009522, 5
011, Low Var, 10, 387.2420084504551, 7
011, Low Var, 12, 463.08039440661065, 9
011, Low Var, 14, 538.6070079640156, 11
011, Low Var, 16, 615.1483055107838, 13
011, Low Var, 18, 688.1445841825836, 15
011, Low Var, 20, 761.7839078437918, 17
011, High Var, 0, 31.81893895427739, 0
011, High Var, 2, 104.90596457104334, 0
011, High Var, 4, 193.97670152727065, 1
011, High Var, 6, 285.58321955440977, 3
011, High Var, 8, 381.21588934084946, 4
012, IOWA, 0, 80.36089742171828, 0
012, IOWA, 2, 204.67500479185094, 2
012, IOWA, 4, 306.1958075214464, 2
012, IOWA, 6, 455.86120908947356, 3
012, IOWA, 8, 588.3080391105342, 4
012, IOWA, 10, 716.0392075636356, 4
012, IOWA, 12, 851.9169725632165, 5
012, IOWA, 14, 995.1831185359217, 7
012, IOWA, 16, 1066.0156080670263, 7
012, IOWA, 18, 1201.0998388472856, 7
012, IOWA, 20, 1350.7515739296462, 7
012, IOWA, 0, 52.77897689222527, 0
012, IOWA, 2, 143.3173898885807, 2
012, IOWA, 4, 241.36341283178402, 4
012, IOWA, 6, 309.5070484839485, 4
012, IOWA, 8, 433.61879033806383, 4
012, IOWA, 10, 568.2937800120714, 6
012, IOWA, 12, 706.5174470061752, 8
012, IOWA, 14, 862.580710255099, 9
012, IOWA, 16, 1001.1026965349938, 10
012, IOWA, 18, 1131.0736620281386, 10
012, IOWA, 20, 1237.983743468872, 10
012, Equal Means, 0, 59.123597418150034, 0
012, Equal Means, 2, 178.87058355154596, 0
012, Equal Means, 4, 320.9740718716247, 1
012, Equal Means, 6, 442.869695223877, 2
012, Equal Means, 8, 557.2415189826461, 2
012, Equal Means, 10, 654.6910153912714, 2
012, Equal Means, 12, 765.0633314672694, 3
012, Equal Means, 14, 882.8508788436725, 5
012, Equal Means, 16, 981.3883825316389, 5
012, Equal Means, 18, 1074.9029214095854, 5
012, Equal Means, 20, 1191.2935150253118, 6
012, Equal Means, 0, 71.8085913047807, 0
012, Equal Means, 2, 205.94243523344383, 1
012, Equal Means, 4, 345.1032214539323, 2
012, Equal Means, 6, 462.5066958066954, 3
012, Equal Means, 8, 568.6916498224593, 4
012, Equal Means, 10, 691.2589911137828, 6
012, Equal Means, 12, 812.619944089356, 6
012, Equal Means, 14, 925.1553847343424, 8
012, Equal Means, 16, 1042.0576816247853, 9
012, Equal Means, 18, 1143.7123241873635, 9
012, Equal Means, 20, 1253.9553924130655, 9
012, Low Var, 0, 53.907419638818716, 0
012, Low Var, 2, 185.98272172731362, 0
012, Low Var, 4, 316.02441210264186, 2
012, Low Var, 6, 436.67848226191666, 3
012, Low Var, 8, 576.6008652581924, 4
012, Low Var, 10, 713.9426040634746, 6
012, Low Var, 12, 854.6976468854189, 8
012, Low Var, 14, 999.2930756560204, 10
012, Low Var, 16, 1119.230530361567, 11
012, Low Var, 18, 1258.7631987895465, 11
012, Low Var, 20, 1393.404973861634, 11
012, Low Var, 0, 59.38112860067211, 0
012, Low Var, 2, 170.895064378566, 0
012, Low Var, 4, 293.5566713051694, 2
012, Low Var, 6, 420.29513312918755, 4
012, Low Var, 8, 552.514700009453, 5
012, Low Var, 10, 695.0506903113306, 7
012, Low Var, 12, 831.0582487726937, 9
012, Low Var, 14, 972.8160887919857, 11
012, Low Var, 16, 1106.257778289096, 13
012, Low Var, 18, 1252.986154684993, 15
012, Low Var, 20, 1396.1377930708627, 17
012, High Var, 0, 68.75393010625375, 0
012, High Var, 2, 221.5704350119732, 2
012, High Var, 4, 317.3672616475819, 3
012, High Var, 6, 416.41754345230083, 4
012, High Var, 8, 526.7112389423619, 5
012, High Var, 10, 655.7865267255111, 7
012, High Var, 12, 777.6019312770339, 7
012, High Var, 14, 921.9694141607035, 9
012, High Var, 16, 1033.077858846654, 11
012, High Var, 18, 1162.1793722878363, 13
012, High Var, 20, 1264.3678794544019, 15
012, High Var, 0, 62.949535915475586, 0
012, High Var, 2, 177.84455894570584, 2
012, High Var, 4, 264.453969456757, 2
012, High Var, 6, 381.09953372679934, 3
012, High Var, 8, 480.5877262123926, 5
012, High Var, 10, 601.2626663251892, 6
012, High Var, 12, 738.3942150890144, 8
012, High Var, 14, 895.8665230741811, 10
012, High Var, 16, 967.7255796881353, 10
012, High Var, 18, 1096.1603891002103, 10
012, High Var, 20, 1225.1915658536263, 11
012, Low Var, 0, 64.75487262615052, 0
012, Low Var, 2, 167.05689952446235, 1
012, Low Var, 4, 285.34359118268503, 2
012, Low Var, 6, 402.1275936464303, 4
012, Low Var, 8, 521.6664633813759, 6
012, Low Var, 10, 645.7457963432386, 8
012, Low Var, 12, 765.5796497631593, 10
012, Low Var, 14, 879.6562394454969, 10
012, Low Var, 16, 1003.4291420539488, 12
012, Low Var, 18, 1129.838448349181, 14
012, Low Var, 20, 1257.1085662641933, 16
012, IOWA, 0, 68.44629466440871, 0
012, IOWA, 2, 209.95175770371338, 0
012, IOWA, 4, 324.8475045696068, 1
012, IOWA, 6, 456.59077576724064, 1
012, IOWA, 8, 594.6568834454409, 2
012, IOWA, 10, 714.7241141076531, 2
012, IOWA, 12, 836.4399631136193, 2
012, IOWA, 14, 959.7641938654668, 3
012, IOWA, 16, 1099.8988775983971, 4
012, IOWA, 18, 1239.1492183823038, 6
012, IOWA, 20, 1378.1472169149815, 8
012, High Var, 0, 57.24407080757238, 0
012, High Var, 2, 180.03848322414504, 2
012, High Var, 4, 316.01615794770896, 4
012, High Var, 6, 451.1364354495189, 6
012, High Var, 8, 618.0216631788339, 7
012, High Var, 10, 747.3499286001673, 7
012, High Var, 12, 874.0800462582047, 8
012, High Var, 14, 1024.8729669329803, 9
012, High Var, 16, 1158.8848265559827, 9
012, High Var, 18, 1294.7995028687035, 9
012, High Var, 20, 1417.8806212283562, 11
012, IOWA, 0, 69.38582193654887, 0
012, IOWA, 2, 196.68753351125008, 0
012, IOWA, 4, 268.2297759247832, 1
012, IOWA, 6, 389.8673027625898, 1
012, IOWA, 8, 524.0751163920662, 3
013, IOWA, 0, 43.518669537141875, 0
013, IOWA, 2, 151.51559409321146, 0
013, IOWA, 4, 253.93194005676082, 0
013, IOWA, 6, 371.8950256271359, 0
013, IOWA, 8, 494.4566989523341, 0
013, IOWA, 10, 624.1946725375183, 2
013, IOWA, 12, 758.6864520770557, 4
013, IOWA, 14, 892.0005975320989, 6
013, IOWA, 16, 1023.5747354026107, 8
013, IOWA, 18, 1151.0357055899376, 10
013, IOWA, 20, 1287.653282461125, 11
013, IOWA, 0, 44.48155545293898, 0
013, IOWA, 2, 170.21665317019375, 1
013, IOWA, 4, 247.21911029887445, 2
013, IOWA, 6, 384.1857139883494, 3
013, IOWA, 8, 520.2841568228407, 5
013, IOWA, 10, 659.8142136389959, 7
013, IOWA, 12, 798.4598125963385, 9
013, IOWA, 14, 937.267625030108, 11
013, IOWA, 16, 1063.9841780541492, 13
013, IOWA, 18, 1197.452003999831, 15
013, IOWA, 20, 1323.4894556020818, 15
013, Equal Means, 0, 61.09338277649298, 0
013, Equal Means, 2, 175.75273999782803, 2
013, Equal Means, 4, 300.2669680628133, 2
013, Equal Means, 6, 408.90471927607507, 2
013, Equal Means, 8, 515.2918200583084, 3
013, Equal Means, 10, 631.6535855056351, 4
013, Equal Means, 12, 743.6232366703763, 6
013, Equal Means, 14, 859.8955094054224, 7
013, Equal Means, 16, 970.2569478520792, 8
013, Equal Means, 18, 1103.6886085479966, 10
013, Equal Means, 20, 1217.6582179245108, 12
013, Equal Means, 0, 54.11851454204696, 0
013, Equal Means, 2, 165.9164737265229, 2
013, Equal Means, 4, 291.11821372667765, 3
013, Equal Means, 6, 415.22455145680385, 4
013, Equal Means, 8, 512.5447657151411, 5
013, Equal Means, 10, 629.3042379904323, 6
013, Equal Means, 12, 749.5487414415684, 8
013, Equal Means, 14, 859.4956461679662, 9
013, Equal Means, 16, 965.2618240916717, 11
013, Equal Means, 18, 1073.7161675298685, 11
013, Equal Means, 20, 1198.0011904192909, 11
013, High Var, 0, 71.71986847240872, 0
013, High Var, 2, 238.04438872480262, 2
013, High Var, 4, 388.4252615005025, 4
013, High Var, 6, 506.66028236523124, 4
013, High Var, 8, 613.3434979730918, 4
013, High Var, 10, 732.8271658537233, 6
013, High Var, 12, 881.6477052194607, 8
013, High Var, 14, 998.0546205764782, 10
013, High Var, 16, 1104.8631189217817, 12
013, High Var, 18, 1227.0831882154673, 13
013, High Var, 20, 1328.9966807933113, 13
013, Low Var, 0, 43.94105453993706, 0
013, Low Var, 2, 152.43179579676405, 0
013, Low Var, 4, 247.68135524153513, 2
013, Low Var, 6, 359.7358555476373, 3
013, Low Var, 8, 468.5902587006505, 5
013, Low Var, 10, 592.581195907496, 5
013, Low Var, 12, 709.4074855924802, 5
013, Low Var, 14, 842.26610457807, 7
013, Low Var, 16, 975.4523582935411, 9
013, Low Var, 18, 1104.6410351783907, 11
013, Low Var, 20, 1227.1526680045467, 13
013, Low Var, 0, 48.80888857870908, 0
013, Low Var, 2, 181.94023950088234, 1
013, Low Var, 4, 313.0136928268314, 3
013, Low Var, 6, 446.2126307542411, 5
013, Low Var, 8, 579.1885626637188, 7
013, Low Var, 10, 705.7883969675686, 9
013, Low Var, 12, 843.7970105690787, 11
013, Low Var, 14, 956.2743007353506, 11
013, Low Var, 16, 1090.266621752539, 12
013, Low Var, 18, 1222.052167160646, 14
013, Low Var, 20, 1348.730847088361, 16
013, IOWA, 0, 45.683088514080914, 0
013, IOWA, 2, 157.7715097869064, 1
013, IOWA, 4, 288.9305115374701, 3
013, IOWA, 6, 407.87032238697094, 5
013, IOWA, 8, 538.1693585564531, 7
013, IOWA, 10, 664.7571775217841, 9
013, IOWA, 12, 784.6530937660917, 11
013, IOWA, 14, 850.1243669211534, 11
013, IOWA, 16, 943.4900126582315, 12
013, IOWA, 18, 1090.0774576785354, 13
013, IOWA, 20, 1227.440525022693, 15
013, Equal Means, 0, 61.4931798235896, 0
013, Equal Means, 2, 164.1524976025495, 1
013, Equal Means, 4, 250.31696075334983, 3
013, Equal Means, 6, 365.9964692820027, 4
013, Equal Means, 8, 474.1127995161613, 6
013, Equal Means, 10, 598.111907567005, 7
013, Equal Means, 12, 715.6457814962658, 9
013, Equal Means, 14, 845.5255692038107, 10
013, Equal Means, 16, 967.9119764849657, 12
013, Equal Means, 18, 1100.6485370066605, 14
013, Equal Means, 20, 1210.3962337775797, 14
013, High Var, 0, 68.36552463933188, 0
013, High Var, 2, 183.7447397943699, 1
013, High Var, 4, 269.0968035683894, 1
013, High Var, 6, 378.8406702523368, 1
013, High Var, 8, 435.8752370271451, 3
013, High Var, 10, 509.5894553039927, 5
013, High Var, 12, 617.4313269010371, 6
013, High Var, 14, 732.336571546938, 7
013, High Var, 16, 836.0317596720288, 9
013, High Var, 18, 908.1833072661636, 10
013, High Var, 20, 1032.6014693126608, 11
013, High Var, 0, 70.65343175959076, 0
013, High Var, 2, 215.61105927861965, 2
013, High Var, 4, 329.27544602107275, 4
013, High Var, 6, 457.79693833711207, 6
013, High Var, 8, 589.2114254247491, 8
013, High Var, 10, 745.3549718398947, 10
013, High Var, 12, 887.1680153745679, 12
013, High Var, 14, 1001.4321148717316, 14
013, High Var, 16, 1131.394239431755, 16
013, High Var, 18, 1291.632749590586, 18
013, High Var, 20, 1441.5847044099817, 20
013, IOWA, 0, 30.039166153815415, 0
013, IOWA, 2, 140.54368939690974, 2
013, IOWA, 4, 239.47634670501373, 4
013, IOWA, 6, 334.7678577945479, 6
013, IOWA, 8, 452.43684211381816, 7
014, IOWA, 0, 32.96983805980656, 0
014, IOWA, 2, 64.03805794451415, 0
014, IOWA, 4, 157.95672095480614, 0
014, IOWA, 6, 223.39458252860385, 1
014, IOWA, 8, 341.40465071213214, 2
014, IOWA, 10, 462.5131610725408, 4
014, IOWA, 12, 578.7202233416211, 6
014, IOWA, 14, 692.6874581273507, 8
014, IOWA, 16, 807.924028706565, 10
014, IOWA, 18, 921.3981558698808, 12
014, IOWA, 20, 1036.1796703358968, 13
014, IOWA, 0, 44.390336452050065, 0
014, IOWA, 2, 153.77086048791253, 1
014, IOWA, 4, 258.97878817574343, 3
014, IOWA, 6, 367.5741820331682, 5
014, IOWA, 8, 478.3869855943512, 7
014, IOWA, 10, 585.7837301466338, 9
014, IOWA, 12, 693.2180402044428, 11
014, IOWA, 14, 806.3354592467881, 13
014, IOWA, 16, 931.5118131718948, 15
014, IOWA, 18, 1039.7658326937403, 17
014, IOWA, 20, 1149.7732758321645, 19
014, Equal Means, 0, 48.25943780795223, 0
014, Equal Means, 2, 153.96164150821787, 1
014, Equal Means, 4, 233.8194828135601, 2
014, Equal Means, 6, 338.309345090599, 4
014, Equal Means, 8, 418.09922856478954, 6
014, Equal Means, 10, 488.7749576804325, 6
014, Equal Means, 12, 585.112218442129, 8
014, Equal Means, 14, 676.701702850696, 10
014, Equal Means, 16, 765.969224974128, 12
014, Equal Means, 18, 857.3799350209792, 14
014, Equal Means, 20, 945.0151587470818, 16
014, Low Var, 0, 44.43089547242319, 0
014, Low Var, 2, 132.40888820955053, 2
014, Low Var, 4, 227.35534885243413, 4
014, Low Var, 6, 326.131248326243, 6
014, Low Var, 8, 421.62544824517016, 8
014, Low Var, 10, 508.60770052594415, 10
014, Low Var, 12, 598.3519545438511, 12
014, Low Var, 14, 678.9183388057551, 14
014, Low Var, 16, 762.5395114096623, 16
014, Low Var, 18, 848.4480078596476, 18
014, Low Var, 20, 935.6132321603121, 20
014, IOWA, 0, 35.51792655720418, 0
014, IOWA, 2, 129.16558703422263, 0
014, IOWA, 4, 249.8027919780145, 0
014, IOWA, 6, 362.7943813172243, 0
014, IOWA, 8, 461.18014739020106, 0
014, IOWA, 10, 567.906160497474, 0
014, IOWA, 12, 665.8213281248451, 0
014, IOWA, 14, 771.0293258613482, 0
014, IOWA, 16, 864.1783861192287, 0
014, IOWA, 18, 974.5281225976071, 1
014, IOWA, 20, 1091.8582167381112, 1
014, Equal Means, 0, 40.899818239917074, 0
014, Equal Means, 2, 139.3959342593781, 1
014, Equal Means, 4, 226.3741629779724, 3
014, Equal Means, 6, 313.8855636971508, 4
014, Equal Means, 8, 423.97644293772987, 5
014, Equal Means, 10, 511.79751950651143, 7
014, Equal Means, 12, 633.9426696784988, 8
014, Equal Means, 14, 728.705640022643, 8
014, Equal Means, 16, 821.2464347403696, 8
014, Equal Means, 18, 913.4173167873861, 9
014, Equal Means, 20, 999.9928702260188, 9
014, Low Var, 0, 48.46456414782541, 0
014, Low Var, 2, 141.99756140030308, 0
014, Low Var, 4, 250.5117151986328, 2
014, Low Var, 6, 337.55468484300087, 3
014, Low Var, 8, 443.3099643749423, 3
014, Low Var, 10, 554.2271586157609, 5
014, Low Var, 12, 660.8700076578857, 7
014, Low Var, 14, 777.5597629688511, 9
014, Low Var, 16, 886.7131717818645, 11
014, Low Var, 18, 995.2030413324869, 13
014, Low Var, 20, 1105.167795461546, 15
014, Low Var, 0, 53.18704695734248, 0
014, Low Var, 2, 160.00424283782473, 2
014, Low Var, 4, 262.1204944706119, 4
014, Low Var, 6, 367.52858547242295, 6
014, Low Var, 8, 476.54218022489175, 8
014, Low Var, 10, 584.7860519783051, 10
014, Low Var, 12, 697.7235632611038, 12
014, Low Var, 14, 801.9770321373917, 12
014, Low Var, 16, 850.9382013040531, 12
014, Low Var, 18, 930.0880597135052, 12
014, Low Var, 20, 1032.066167093938, 12
014, IOWA, 0, 33.85455326027987, 0
014, IOWA, 2, 107.48952466569582, 1
014, IOWA, 4, 227.11689624182327, 1
014, IOWA, 6, 314.79459828939895, 3
014, IOWA, 8, 416.88743439935655, 5
014, IOWA, 10, 534.6677659741226, 7
014, IOWA, 12, 625.7469166264129, 9
014, IOWA, 14, 719.8328509905999, 11
014, IOWA, 16, 843.0557253567605, 13
014, IOWA, 18, 941.3931487259719, 15
014, IOWA, 20, 1065.1235695059454, 16
014, High Var, 0, 56.80417921774985, 0
014, High Var, 2, 148.50408214789348, 2
014, High Var, 4, 223.24221467678757, 4
014, High Var, 6, 288.958503246681, 4
014, High Var, 8, 390.3992098851655, 5
014, High Var, 10, 516.225229635118, 5
014, High Var, 12, 591.324528659984, 6
014, High Var, 14, 703.2379174426686, 7
014, High Var, 16, 834.3874774798703, 9
014, High Var, 18, 938.215080058795, 11
014, High Var, 20, 1060.567925402418, 13
014, High Var, 0, 45.641803063058966, 0
014, High Var, 2, 153.7250557908925, 2
014, High Var, 4, 234.12484146239842, 4
014, High Var, 6, 303.9704402858567, 5
014, High Var, 8, 398.68949371681265, 6
014, High Var, 10, 526.0005091065591, 8
014, High Var, 12, 629.2468974433912, 10
014, High Var, 14, 726.2181229965823, 12
014, High Var, 16, 841.565949135617, 13
014, High Var, 18, 953.0550116851985, 15
014, High Var, 20, 1059.543170179689, 17
014, High Var, 0, 48.21246707508237, 0
014, High Var, 2, 157.0098398112147, 2
014, High Var, 4, 281.21273037468177, 4
014, High Var, 6, 377.09993325160775, 6
014, High Var, 8, 484.19902565475996, 7
015, IOWA, 0, 34.474714726961324, 0
015, IOWA, 2, 138.89948012455068, 0
015, IOWA, 4, 251.70400364696974, 2
015, IOWA, 6, 360.8610100371038, 4
015, IOWA, 8, 483.7762355477837, 6
015, IOWA, 10, 597.9915489939813, 8
015, IOWA, 12, 710.033552188004, 10
015, IOWA, 14, 818.6706433764932, 12
015, IOWA, 16, 909.1255916444934, 12
015, IOWA, 18, 990.5907213887431, 12
015, IOWA, 20, 1104.9094883037003, 13
015, IOWA, 0, 53.30918375053123, 0
015, IOWA, 2, 180.58328534381494, 2
015, IOWA, 4, 262.9944737805746, 3
015, IOWA, 6, 359.54836870014907, 3
015, IOWA, 8, 472.8731286654839, 5
015, IOWA, 10, 589.8679575769721, 7
015, IOWA, 12, 716.7760383156385, 8
015, IOWA, 14, 843.6583196060745, 10
015, IOWA, 16, 979.9134265995011, 12
015, IOWA, 18, 1082.1692183339733, 14
015, IOWA, 20, 1189.0934392153379, 14
015, Low Var, 0, 57.53212335011189, 0
015, Low Var, 2, 163.90125232960435, 0
015, Low Var, 4, 245.43304111088426, 0
015, Low Var, 6, 339.24225202795526, 0
015, Low Var, 8, 435.85503955971666, 0
015, Low Var, 10, 543.1288305862171, 0
015, Low Var, 12, 647.8127231567652, 0
015, Low Var, 14, 749.9058039568803, 1
015, Low Var, 16, 848.2636237085969, 1
015, Low Var, 18, 925.6798539492177, 1
015, Low Var, 20, 1031.6922041306516, 1
015, Equal Means, 0, 55.72797047202227, 0
015, Equal Means, 2, 149.39007210829556, 1
015, Equal Means, 4, 264.0112391700294, 2
015, Equal Means, 6, 352.2255436028215, 3
015, Equal Means, 8, 432.2006673130667, 3
015, Equal Means, 10, 515.8087737419354, 3
015, Equal Means, 12, 615.5997097257064, 4
015, Equal Means, 14, 708.7274966151384, 6
015, Equal Means, 16, 799.339542924729, 8
015, Equal Means, 18, 860.6392089153, 8
015, Equal Means, 20, 957.913048253551, 9
015, IOWA, 0, 51.18705153364113, 0
015, IOWA, 2, 113.59367900841896, 1
015, IOWA, 4, 223.49143191750204, 1
015, IOWA, 6, 303.8908655193331, 1
015, IOWA, 8, 395.8545068264423, 1
015, IOWA, 10, 523.90376691833, 3
015, IOWA, 12, 640.5895768881207, 5
015, IOWA, 14, 740.1859172465835, 7
015, IOWA, 16, 838.9041886258974, 7
015, IOWA, 18, 922.1821370975671, 7
015, IOWA, 20, 1021.9582149917092, 7
015, High Var, 0, 31.701599384530248, 0
015, High Var, 2, 127.21557650380413, 1
015, High Var, 4, 210.57656664272338, 1
015, High Var, 6, 315.9957265781232, 1
015, High Var, 8, 408.5454502970406, 3
015, High Var, 10, 486.5356352872285, 3
015, High Var, 12, 583.1051866184954, 3
015, High Var, 14, 700.2197753326093, 4
015, High Var, 16, 773.0735318060199, 5
015, High Var, 18, 850.4342887335046, 5
015, High Var, 20, 968.4684664802813, 6
015, High Var, 0, 37.207069155138065, 0
015, High Var, 2, 116.96413728756846, 0
015, High Var, 4, 189.57980608530983, 2
015, High Var, 6, 262.61074106737027, 2
015, High Var, 8, 380.8430087397311, 3
015, High Var, 10, 518.2530242062458, 5
015, High Var, 12, 651.7784973109013, 7
015, High Var, 14, 784.4671301883564, 9
015, High Var, 16, 927.1460619113932, 9
015, High Var, 18, 1025.8946145941818, 9
015, High Var, 20, 1141.3847391953989, 11
015, High Var, 0, 59.828581417373044, 0
015, High Var, 2, 153.87800483699857, 1
015, High Var, 4, 286.5820307919139, 2
015, High Var, 6, 386.5812863048187, 3
015, High Var, 8, 520.1715183211508, 4
015, High Var, 10, 628.6783988295691, 6
015, High Var, 12, 721.7249432104754, 6
015, High Var, 14, 765.6028316286144, 6
015, High Var, 16, 866.6968803682603, 6
015, High Var, 18, 941.4196047857297, 6
015, High Var, 20, 1055.711682367351, 8
015, Equal Means, 0, 50.72179956740152, 0
015, Equal Means, 2, 122.25459339926522, 2
015, Equal Means, 4, 199.97013991611215, 2
015, Equal Means, 6, 294.054768353154, 2
015, Equal Means, 8, 367.49479239743636, 2
015, Equal Means, 10, 459.8537947390274, 3
015, Equal Means, 12, 550.2702820788618, 5
015, Equal Means, 14, 643.867629140785, 5
015, Equal Means, 16, 744.030092874591, 5
015, Equal Means, 18, 842.168559413442, 5
015, Equal Means, 20, 941.1748782089775, 5
015, Low Var, 0, 50.95599147888606, 0
015, Low Var, 2, 133.46830972298787, 0
015, Low Var, 4, 227.22743361538886, 0
015, Low Var, 6, 313.25049519627584, 0
015, Low Var, 8, 394.39969851092536, 0
015, Low Var, 10, 510.3294160882761, 1
015, Low Var, 12, 622.6346146753241, 3
015, Low Var, 14, 724.3010609341936, 3
015, Low Var, 16, 804.6334900337245, 3
015, Low Var, 18, 901.5045950469173, 3
015, Low Var, 20, 1006.0504626738423, 3
015, Equal Means, 0, 42.55281196422976, 0
015, Equal Means, 2, 144.62468231197522, 0
015, Equal Means, 4, 230.50667959825824, 1
015, Equal Means, 6, 331.81311016057987, 1
015, Equal Means, 8, 418.31033057734066, 2
015, Equal Means, 10, 533.7718167125275, 2
015, Equal Means, 12, 614.6672099499018, 2
015, Equal Means, 14, 712.1572800460387, 2
015, Equal Means, 16, 810.8245278103311, 2
015, Equal Means, 18, 911.219252631288, 2
015, Equal Means, 20, 1004.1713122391359, 4
015, Low Var, 0, 34.51148855250429, 0
015, Low Var, 2, 119.34856207472141, 0
015, Low Var, 4, 211.44528579240153, 0
015, Low Var, 6, 304.18418484480105, 0
015, Low Var, 8, 391.796559273054, 0
